farm;house;breed_type;gender;daynum;target_weight
Mister Fantastic;House 416;Cobb;male;0;0.05148
Mister Fantastic;House 416;Cobb;male;1;0.06908
Mister Fantastic;House 416;Cobb;male;2;0.08767
Mister Fantastic;House 416;Cobb;male;3;0.10813
Mister Fantastic;House 416;Cobb;male;4;0.13057
Mister Fantastic;House 416;Cobb;male;5;0.15609
Mister Fantastic;House 416;Cobb;male;6;0.18447
Mister Fantastic;House 416;Cobb;male;7;0.2156
Mister Fantastic;House 416;Cobb;male;8;0.25355
Mister Fantastic;House 416;Cobb;male;9;0.2981
Mister Fantastic;House 416;Cobb;male;10;0.34584
Mister Fantastic;House 416;Cobb;male;11;0.39919
Mister Fantastic;House 416;Cobb;male;12;0.45716
Mister Fantastic;House 416;Cobb;male;13;0.51986
Mister Fantastic;House 416;Cobb;male;14;0.5874
Mister Fantastic;House 416;Cobb;male;15;0.66088
Mister Fantastic;House 416;Cobb;male;16;0.73942
Mister Fantastic;House 416;Cobb;male;17;0.82434
Mister Fantastic;House 416;Cobb;male;18;0.91322
Mister Fantastic;House 416;Cobb;male;19;1.00738
Mister Fantastic;House 416;Cobb;male;20;1.10704
Mister Fantastic;House 416;Cobb;male;21;1.2122
Mister Fantastic;House 416;Cobb;male;22;1.31164
Mister Fantastic;House 416;Cobb;male;23;1.41537
Mister Fantastic;House 416;Cobb;male;24;1.52185
Mister Fantastic;House 416;Cobb;male;25;1.6313
Mister Fantastic;House 416;Cobb;male;26;1.74361
Mister Fantastic;House 416;Cobb;male;27;1.85878
Mister Fantastic;House 416;Cobb;male;28;1.9756
Mister Fantastic;House 416;Cobb;male;29;2.0856
Mister Fantastic;House 416;Cobb;male;30;2.19615
Mister Fantastic;House 416;Cobb;male;31;2.30725
Mister Fantastic;House 416;Cobb;male;32;2.41879
Mister Fantastic;House 416;Cobb;male;33;2.53077
Mister Fantastic;House 416;Cobb;male;34;2.64319
Mister Fantastic;House 416;Cobb;male;35;2.75484
Mister Fantastic;House 416;Cobb;male;36;2.86693
Mister Fantastic;House 416;Cobb;male;37;2.97814
Mister Fantastic;House 416;Cobb;male;38;3.08847
Mister Fantastic;House 416;Cobb;male;39;3.19803
Mister Fantastic;House 416;Cobb;male;40;3.30792
Mister Fantastic;House 416;Cobb;male;41;3.41572
Mister Fantastic;House 416;Cobb;male;42;3.52143
Mister Fantastic;House 416;Cobb;male;43;3.62758
Mister Fantastic;House 416;Cobb;male;44;3.74374
Mister Fantastic;House 416;Cobb;male;45;3.86122
Mister Fantastic;House 416;Cobb;male;46;3.97738
Mister Fantastic;House 416;Cobb;male;47;4.09233
Mister Fantastic;House 416;Cobb;male;48;4.20596
Mister Fantastic;House 416;Cobb;male;49;4.31838
Mister Fantastic;House 416;Cobb;male;50;4.4308
Mister Fantastic;House 417;Cobb;male;0;0.05104
Mister Fantastic;House 417;Cobb;male;1;0.06875
Mister Fantastic;House 417;Cobb;male;2;0.08734
Mister Fantastic;House 417;Cobb;male;3;0.10813
Mister Fantastic;House 417;Cobb;male;4;0.1309
Mister Fantastic;House 417;Cobb;male;5;0.15686
Mister Fantastic;House 417;Cobb;male;6;0.18579
Mister Fantastic;House 417;Cobb;male;7;0.2178
Mister Fantastic;House 417;Cobb;male;8;0.2552
Mister Fantastic;House 417;Cobb;male;9;0.29887
Mister Fantastic;House 417;Cobb;male;10;0.34551
Mister Fantastic;House 417;Cobb;male;11;0.39743
Mister Fantastic;House 417;Cobb;male;12;0.45353
Mister Fantastic;House 417;Cobb;male;13;0.51392
Mister Fantastic;House 417;Cobb;male;14;0.5786
Mister Fantastic;House 417;Cobb;male;15;0.65571
Mister Fantastic;House 417;Cobb;male;16;0.73865
Mister Fantastic;House 417;Cobb;male;17;0.82907
Mister Fantastic;House 417;Cobb;male;18;0.92455
Mister Fantastic;House 417;Cobb;male;19;1.02652
Mister Fantastic;House 417;Cobb;male;20;1.1352
Mister Fantastic;House 417;Cobb;male;21;1.2507
Mister Fantastic;House 417;Cobb;male;22;1.35179
Mister Fantastic;House 417;Cobb;male;23;1.45684
Mister Fantastic;House 417;Cobb;male;24;1.56475
Mister Fantastic;House 417;Cobb;male;25;1.6753
Mister Fantastic;House 417;Cobb;male;26;1.78849
Mister Fantastic;House 417;Cobb;male;27;1.90443
Mister Fantastic;House 417;Cobb;male;28;2.0218
Mister Fantastic;House 417;Cobb;male;29;2.1307
Mister Fantastic;House 417;Cobb;male;30;2.2396
Mister Fantastic;House 417;Cobb;male;31;2.34872
Mister Fantastic;House 417;Cobb;male;32;2.45784
Mister Fantastic;House 417;Cobb;male;33;2.56696
Mister Fantastic;House 417;Cobb;male;34;2.67608
Mister Fantastic;House 417;Cobb;male;35;2.78399
Mister Fantastic;House 417;Cobb;male;36;2.89179
Mister Fantastic;House 417;Cobb;male;37;2.99838
Mister Fantastic;House 417;Cobb;male;38;3.10354
Mister Fantastic;House 417;Cobb;male;39;3.20749
Mister Fantastic;House 417;Cobb;male;40;3.31133
Mister Fantastic;House 417;Cobb;male;41;3.41264
Mister Fantastic;House 417;Cobb;male;42;3.51131
Mister Fantastic;House 417;Cobb;male;43;3.60998
Mister Fantastic;House 417;Cobb;male;44;3.72559
Mister Fantastic;House 417;Cobb;male;45;3.84241
Mister Fantastic;House 417;Cobb;male;46;3.95802
Mister Fantastic;House 417;Cobb;male;47;4.07242
Mister Fantastic;House 417;Cobb;male;48;4.1855
Mister Fantastic;House 417;Cobb;male;49;4.29737
Mister Fantastic;House 417;Cobb;male;50;4.40924
Mister Fantastic;House 418;Cobb;male;0;0.05082
Mister Fantastic;House 418;Cobb;male;1;0.06864
Mister Fantastic;House 418;Cobb;male;2;0.08767
Mister Fantastic;House 418;Cobb;male;3;0.1089
Mister Fantastic;House 418;Cobb;male;4;0.13244
Mister Fantastic;House 418;Cobb;male;5;0.15939
Mister Fantastic;House 418;Cobb;male;6;0.18964
Mister Fantastic;House 418;Cobb;male;7;0.2233
Mister Fantastic;House 418;Cobb;male;8;0.26103
Mister Fantastic;House 418;Cobb;male;9;0.30503
Mister Fantastic;House 418;Cobb;male;10;0.35178
Mister Fantastic;House 418;Cobb;male;11;0.40381
Mister Fantastic;House 418;Cobb;male;12;0.4598
Mister Fantastic;House 418;Cobb;male;13;0.51986
Mister Fantastic;House 418;Cobb;male;14;0.5841
Mister Fantastic;House 418;Cobb;male;15;0.66209
Mister Fantastic;House 418;Cobb;male;16;0.74613
Mister Fantastic;House 418;Cobb;male;17;0.83765
Mister Fantastic;House 418;Cobb;male;18;0.93445
Mister Fantastic;House 418;Cobb;male;19;1.03774
Mister Fantastic;House 418;Cobb;male;20;1.14785
Mister Fantastic;House 418;Cobb;male;21;1.265
Mister Fantastic;House 418;Cobb;male;22;1.37214
Mister Fantastic;House 418;Cobb;male;23;1.48423
Mister Fantastic;House 418;Cobb;male;24;1.59973
Mister Fantastic;House 418;Cobb;male;25;1.71886
Mister Fantastic;House 418;Cobb;male;26;1.84162
Mister Fantastic;House 418;Cobb;male;27;1.96801
Mister Fantastic;House 418;Cobb;male;28;2.0966
Mister Fantastic;House 418;Cobb;male;29;2.20814
Mister Fantastic;House 418;Cobb;male;30;2.31957
Mister Fantastic;House 418;Cobb;male;31;2.43089
Mister Fantastic;House 418;Cobb;male;32;2.5421
Mister Fantastic;House 418;Cobb;male;33;2.65331
Mister Fantastic;House 418;Cobb;male;34;2.7643
Mister Fantastic;House 418;Cobb;male;35;2.87375
Mister Fantastic;House 418;Cobb;male;36;2.98298
Mister Fantastic;House 418;Cobb;male;37;3.09078
Mister Fantastic;House 418;Cobb;male;38;3.19693
Mister Fantastic;House 418;Cobb;male;39;3.30165
Mister Fantastic;House 418;Cobb;male;40;3.40604
Mister Fantastic;House 418;Cobb;male;41;3.50768
Mister Fantastic;House 418;Cobb;male;42;3.60646
Mister Fantastic;House 418;Cobb;male;43;3.70502
Mister Fantastic;House 418;Cobb;male;44;3.79951
Mister Fantastic;House 418;Cobb;male;45;3.91875
Mister Fantastic;House 418;Cobb;male;46;4.03656
Mister Fantastic;House 418;Cobb;male;47;4.15327
Mister Fantastic;House 418;Cobb;male;48;4.26866
Mister Fantastic;House 418;Cobb;male;49;4.38273
Mister Fantastic;House 418;Cobb;male;50;4.4968
Mister Fantastic;House 429;Cobb;female;0;0.04994
Mister Fantastic;House 429;Cobb;female;1;0.06677
Mister Fantastic;House 429;Cobb;female;2;0.08426
Mister Fantastic;House 429;Cobb;female;3;0.10351
Mister Fantastic;House 429;Cobb;female;4;0.12441
Mister Fantastic;House 429;Cobb;female;5;0.14795
Mister Fantastic;House 429;Cobb;female;6;0.17402
Mister Fantastic;House 429;Cobb;female;7;0.2024
Mister Fantastic;House 429;Cobb;female;8;0.23694
Mister Fantastic;House 429;Cobb;female;9;0.27731
Mister Fantastic;House 429;Cobb;female;10;0.32021
Mister Fantastic;House 429;Cobb;female;11;0.36806
Mister Fantastic;House 429;Cobb;female;12;0.41965
Mister Fantastic;House 429;Cobb;female;13;0.4752
Mister Fantastic;House 429;Cobb;female;14;0.5346
Mister Fantastic;House 429;Cobb;female;15;0.59642
Mister Fantastic;House 429;Cobb;female;16;0.66176
Mister Fantastic;House 429;Cobb;female;17;0.73161
Mister Fantastic;House 429;Cobb;female;18;0.80388
Mister Fantastic;House 429;Cobb;female;19;0.87967
Mister Fantastic;House 429;Cobb;female;20;0.95887
Mister Fantastic;House 429;Cobb;female;21;1.0417
Mister Fantastic;House 429;Cobb;female;22;1.12486
Mister Fantastic;House 429;Cobb;female;23;1.21121
Mister Fantastic;House 429;Cobb;female;24;1.29965
Mister Fantastic;House 429;Cobb;female;25;1.39018
Mister Fantastic;House 429;Cobb;female;26;1.4828
Mister Fantastic;House 429;Cobb;female;27;1.57751
Mister Fantastic;House 429;Cobb;female;28;1.6731
Mister Fantastic;House 429;Cobb;female;29;1.77012
Mister Fantastic;House 429;Cobb;female;30;1.86813
Mister Fantastic;House 429;Cobb;female;31;1.96691
Mister Fantastic;House 429;Cobb;female;32;2.06657
Mister Fantastic;House 429;Cobb;female;33;2.16711
Mister Fantastic;House 429;Cobb;female;34;2.26853
Mister Fantastic;House 429;Cobb;female;35;2.36962
Mister Fantastic;House 429;Cobb;female;36;2.47159
Mister Fantastic;House 429;Cobb;female;37;2.57334
Mister Fantastic;House 429;Cobb;female;38;2.67487
Mister Fantastic;House 429;Cobb;female;39;2.77607
Mister Fantastic;House 429;Cobb;female;40;2.87815
Mister Fantastic;House 429;Cobb;female;41;2.9788
Mister Fantastic;House 429;Cobb;female;42;3.07824
Mister Fantastic;House 429;Cobb;female;43;3.17845
Mister Fantastic;House 429;Cobb;female;44;3.27613
Mister Fantastic;House 429;Cobb;female;45;3.37898
Mister Fantastic;House 429;Cobb;female;46;3.48062
Mister Fantastic;House 429;Cobb;female;47;3.58116
Mister Fantastic;House 429;Cobb;female;48;3.6806
Mister Fantastic;House 429;Cobb;female;49;3.77905
Mister Fantastic;House 429;Cobb;female;50;3.87739
Mister Fantastic;House 430;Cobb;male;0;0.05181
Mister Fantastic;House 430;Cobb;male;1;0.06919
Mister Fantastic;House 430;Cobb;male;2;0.08712
Mister Fantastic;House 430;Cobb;male;3;0.10681
Mister Fantastic;House 430;Cobb;male;4;0.12815
Mister Fantastic;House 430;Cobb;male;5;0.15202
Mister Fantastic;House 430;Cobb;male;6;0.17831
Mister Fantastic;House 430;Cobb;male;7;0.2068
Mister Fantastic;House 430;Cobb;male;8;0.24376
Mister Fantastic;House 430;Cobb;male;9;0.28721
Mister Fantastic;House 430;Cobb;male;10;0.33396
Mister Fantastic;House 430;Cobb;male;11;0.38632
Mister Fantastic;House 430;Cobb;male;12;0.44341
Mister Fantastic;House 430;Cobb;male;13;0.50523
Mister Fantastic;House 430;Cobb;male;14;0.572
Mister Fantastic;House 430;Cobb;male;15;0.64515
Mister Fantastic;House 430;Cobb;male;16;0.72347
Mister Fantastic;House 430;Cobb;male;17;0.80828
Mister Fantastic;House 430;Cobb;male;18;0.89749
Mister Fantastic;House 430;Cobb;male;19;0.9922
Mister Fantastic;House 430;Cobb;male;20;1.09263
Mister Fantastic;House 430;Cobb;male;21;1.199
Mister Fantastic;House 430;Cobb;male;22;1.30086
Mister Fantastic;House 430;Cobb;male;23;1.40734
Mister Fantastic;House 430;Cobb;male;24;1.51723
Mister Fantastic;House 430;Cobb;male;25;1.63053
Mister Fantastic;House 430;Cobb;male;26;1.74724
Mister Fantastic;House 430;Cobb;male;27;1.86747
Mister Fantastic;House 430;Cobb;male;28;1.9899
Mister Fantastic;House 430;Cobb;male;29;2.09814
Mister Fantastic;House 430;Cobb;male;30;2.20649
Mister Fantastic;House 430;Cobb;male;31;2.31506
Mister Fantastic;House 430;Cobb;male;32;2.42385
Mister Fantastic;House 430;Cobb;male;33;2.53286
Mister Fantastic;House 430;Cobb;male;34;2.64187
Mister Fantastic;House 430;Cobb;male;35;2.74978
Mister Fantastic;House 430;Cobb;male;36;2.85791
Mister Fantastic;House 430;Cobb;male;37;2.96472
Mister Fantastic;House 430;Cobb;male;38;3.07043
Mister Fantastic;House 430;Cobb;male;39;3.17493
Mister Fantastic;House 430;Cobb;male;40;3.27954
Mister Fantastic;House 430;Cobb;male;41;3.38173
Mister Fantastic;House 430;Cobb;male;42;3.4815
Mister Fantastic;House 430;Cobb;male;43;3.59931
Mister Fantastic;House 430;Cobb;male;44;3.71448
Mister Fantastic;House 430;Cobb;male;45;3.83108
Mister Fantastic;House 430;Cobb;male;46;3.94625
Mister Fantastic;House 430;Cobb;male;47;4.06032
Mister Fantastic;House 430;Cobb;male;48;4.17307
Mister Fantastic;House 430;Cobb;male;49;4.28461
Mister Fantastic;House 430;Cobb;male;50;4.39626
Mister Fantastic;House 431;Cobb;female;0;0.03993
Mister Fantastic;House 431;Cobb;female;1;0.0528
Mister Fantastic;House 431;Cobb;female;2;0.066
Mister Fantastic;House 431;Cobb;female;3;0.08019
Mister Fantastic;House 431;Cobb;female;4;0.09537
Mister Fantastic;House 431;Cobb;female;5;0.11209
Mister Fantastic;House 431;Cobb;female;6;0.13024
Mister Fantastic;House 431;Cobb;female;7;0.1496
Mister Fantastic;House 431;Cobb;female;8;0.1804
Mister Fantastic;House 431;Cobb;female;9;0.21714
Mister Fantastic;House 431;Cobb;female;10;0.25773
Mister Fantastic;House 431;Cobb;female;11;0.30404
Mister Fantastic;House 431;Cobb;female;12;0.35563
Mister Fantastic;House 431;Cobb;female;13;0.4125
Mister Fantastic;House 431;Cobb;female;14;0.4752
Mister Fantastic;House 431;Cobb;female;15;0.5346
Mister Fantastic;House 431;Cobb;female;16;0.59807
Mister Fantastic;House 431;Cobb;female;17;0.66671
Mister Fantastic;House 431;Cobb;female;18;0.73854
Mister Fantastic;House 431;Cobb;female;19;0.81466
Mister Fantastic;House 431;Cobb;female;20;0.89518
Mister Fantastic;House 431;Cobb;female;21;0.9801
Mister Fantastic;House 431;Cobb;female;22;1.05842
Mister Fantastic;House 431;Cobb;female;23;1.13982
Mister Fantastic;House 431;Cobb;female;24;1.22309
Mister Fantastic;House 431;Cobb;female;25;1.30845
Mister Fantastic;House 431;Cobb;female;26;1.39579
Mister Fantastic;House 431;Cobb;female;27;1.485
Mister Fantastic;House 431;Cobb;female;28;1.5752
Mister Fantastic;House 431;Cobb;female;29;1.66716
Mister Fantastic;House 431;Cobb;female;30;1.75989
Mister Fantastic;House 431;Cobb;female;31;1.85361
Mister Fantastic;House 431;Cobb;female;32;1.94821
Mister Fantastic;House 431;Cobb;female;33;2.04358
Mister Fantastic;House 431;Cobb;female;34;2.13994
Mister Fantastic;House 431;Cobb;female;35;2.23608
Mister Fantastic;House 431;Cobb;female;36;2.33299
Mister Fantastic;House 431;Cobb;female;37;2.4299
Mister Fantastic;House 431;Cobb;female;38;2.52648
Mister Fantastic;House 431;Cobb;female;39;2.62295
Mister Fantastic;House 431;Cobb;female;40;2.7203
Mister Fantastic;House 431;Cobb;female;41;2.81644
Mister Fantastic;House 431;Cobb;female;42;2.91126
Mister Fantastic;House 431;Cobb;female;43;3.00707
Mister Fantastic;House 431;Cobb;female;44;3.10332
Mister Fantastic;House 431;Cobb;female;45;3.20067
Mister Fantastic;House 431;Cobb;female;46;3.29703
Mister Fantastic;House 431;Cobb;female;47;3.39229
Mister Fantastic;House 431;Cobb;female;48;3.48645
Mister Fantastic;House 431;Cobb;female;49;3.57973
Mister Fantastic;House 431;Cobb;female;50;3.6729
Mister Fantastic;House 56;Cobb;female;0;0.04422
Mister Fantastic;House 56;Cobb;female;1;0.06006
Mister Fantastic;House 56;Cobb;female;2;0.07689
Mister Fantastic;House 56;Cobb;female;3;0.09592
Mister Fantastic;House 56;Cobb;female;4;0.11693
Mister Fantastic;House 56;Cobb;female;5;0.14124
Mister Fantastic;House 56;Cobb;female;6;0.16863
Mister Fantastic;House 56;Cobb;female;7;0.19921
Mister Fantastic;House 56;Cobb;female;8;0.23188
Mister Fantastic;House 56;Cobb;female;9;0.26983
Mister Fantastic;House 56;Cobb;female;10;0.30987
Mister Fantastic;House 56;Cobb;female;11;0.3542
Mister Fantastic;House 56;Cobb;female;12;0.40161
Mister Fantastic;House 56;Cobb;female;13;0.45232
Mister Fantastic;House 56;Cobb;female;14;0.50611
Mister Fantastic;House 56;Cobb;female;15;0.56408
Mister Fantastic;House 56;Cobb;female;16;0.62535
Mister Fantastic;House 56;Cobb;female;17;0.69069
Mister Fantastic;House 56;Cobb;female;18;0.75823
Mister Fantastic;House 56;Cobb;female;19;0.82896
Mister Fantastic;House 56;Cobb;female;20;0.90288
Mister Fantastic;House 56;Cobb;female;21;0.97999
Mister Fantastic;House 56;Cobb;female;22;1.05908
Mister Fantastic;House 56;Cobb;female;23;1.14147
Mister Fantastic;House 56;Cobb;female;24;1.22595
Mister Fantastic;House 56;Cobb;female;25;1.31252
Mister Fantastic;House 56;Cobb;female;26;1.40129
Mister Fantastic;House 56;Cobb;female;27;1.49215
Mister Fantastic;House 56;Cobb;female;28;1.584
Mister Fantastic;House 56;Cobb;female;29;1.67805
Mister Fantastic;House 56;Cobb;female;30;1.7732
Mister Fantastic;House 56;Cobb;female;31;1.86934
Mister Fantastic;House 56;Cobb;female;32;1.96658
Mister Fantastic;House 56;Cobb;female;33;2.06492
Mister Fantastic;House 56;Cobb;female;34;2.16425
Mister Fantastic;House 56;Cobb;female;35;2.26369
Mister Fantastic;House 56;Cobb;female;36;2.36412
Mister Fantastic;House 56;Cobb;female;37;2.46455
Mister Fantastic;House 56;Cobb;female;38;2.56509
Mister Fantastic;House 56;Cobb;female;39;2.66552
Mister Fantastic;House 56;Cobb;female;40;2.76716
Mister Fantastic;House 56;Cobb;female;41;2.8677
Mister Fantastic;House 56;Cobb;female;42;2.96714
Mister Fantastic;House 56;Cobb;female;43;3.06768
Mister Fantastic;House 56;Cobb;female;44;3.16613
Mister Fantastic;House 56;Cobb;female;45;3.26568
Mister Fantastic;House 56;Cobb;female;46;3.36391
Mister Fantastic;House 56;Cobb;female;47;3.46115
Mister Fantastic;House 56;Cobb;female;48;3.55729
Mister Fantastic;House 56;Cobb;female;49;3.65233
Mister Fantastic;House 56;Cobb;female;50;3.74748
Mister Fantastic;House 530;Cobb;female;0;0.04048
Mister Fantastic;House 530;Cobb;female;1;0.055
Mister Fantastic;House 530;Cobb;female;2;0.07051
Mister Fantastic;House 530;Cobb;female;3;0.08811
Mister Fantastic;House 530;Cobb;female;4;0.10747
Mister Fantastic;House 530;Cobb;female;5;0.12991
Mister Fantastic;House 530;Cobb;female;6;0.15532
Mister Fantastic;House 530;Cobb;female;7;0.1837
Mister Fantastic;House 530;Cobb;female;8;0.21395
Mister Fantastic;House 530;Cobb;female;9;0.24926
Mister Fantastic;House 530;Cobb;female;10;0.28655
Mister Fantastic;House 530;Cobb;female;11;0.32791
Mister Fantastic;House 530;Cobb;female;12;0.37213
Mister Fantastic;House 530;Cobb;female;13;0.41943
Mister Fantastic;House 530;Cobb;female;14;0.46981
Mister Fantastic;House 530;Cobb;female;15;0.52426
Mister Fantastic;House 530;Cobb;female;16;0.58168
Mister Fantastic;House 530;Cobb;female;17;0.64317
Mister Fantastic;House 530;Cobb;female;18;0.70664
Mister Fantastic;House 530;Cobb;female;19;0.7733
Mister Fantastic;House 530;Cobb;female;20;0.84304
Mister Fantastic;House 530;Cobb;female;21;0.91597
Mister Fantastic;House 530;Cobb;female;22;0.99088
Mister Fantastic;House 530;Cobb;female;23;1.06898
Mister Fantastic;House 530;Cobb;female;24;1.14917
Mister Fantastic;House 530;Cobb;female;25;1.23156
Mister Fantastic;House 530;Cobb;female;26;1.31604
Mister Fantastic;House 530;Cobb;female;27;1.40272
Mister Fantastic;House 530;Cobb;female;28;1.4905
Mister Fantastic;House 530;Cobb;female;29;1.58048
Mister Fantastic;House 530;Cobb;female;30;1.67167
Mister Fantastic;House 530;Cobb;female;31;1.76407
Mister Fantastic;House 530;Cobb;female;32;1.85757
Mister Fantastic;House 530;Cobb;female;33;1.95228
Mister Fantastic;House 530;Cobb;female;34;2.0482
Mister Fantastic;House 530;Cobb;female;35;2.14434
Mister Fantastic;House 530;Cobb;female;36;2.24158
Mister Fantastic;House 530;Cobb;female;37;2.33904
Mister Fantastic;House 530;Cobb;female;38;2.43672
Mister Fantastic;House 530;Cobb;female;39;2.53462
Mister Fantastic;House 530;Cobb;female;40;2.63362
Mister Fantastic;House 530;Cobb;female;41;2.73196
Mister Fantastic;House 530;Cobb;female;42;2.82931
Mister Fantastic;House 530;Cobb;female;43;2.92798
Mister Fantastic;House 530;Cobb;female;44;3.02478
Mister Fantastic;House 530;Cobb;female;45;3.11971
Mister Fantastic;House 530;Cobb;female;46;3.21354
Mister Fantastic;House 530;Cobb;female;47;3.30638
Mister Fantastic;House 530;Cobb;female;48;3.39823
Mister Fantastic;House 530;Cobb;female;49;3.48909
Mister Fantastic;House 530;Cobb;female;50;3.57995
Mister Fantastic;House 531;Cobb;male;0;0.04081
Mister Fantastic;House 531;Cobb;male;1;0.05555
Mister Fantastic;House 531;Cobb;male;2;0.07139
Mister Fantastic;House 531;Cobb;male;3;0.08943
Mister Fantastic;House 531;Cobb;male;4;0.10956
Mister Fantastic;House 531;Cobb;male;5;0.13277
Mister Fantastic;House 531;Cobb;male;6;0.15917
Mister Fantastic;House 531;Cobb;male;7;0.18876
Mister Fantastic;House 531;Cobb;male;8;0.22066
Mister Fantastic;House 531;Cobb;male;9;0.25773
Mister Fantastic;House 531;Cobb;male;10;0.29722
Mister Fantastic;House 531;Cobb;male;11;0.341
Mister Fantastic;House 531;Cobb;male;12;0.3883
Mister Fantastic;House 531;Cobb;male;13;0.4389
Mister Fantastic;House 531;Cobb;male;14;0.49302
Mister Fantastic;House 531;Cobb;male;15;0.55165
Mister Fantastic;House 531;Cobb;male;16;0.61391
Mister Fantastic;House 531;Cobb;male;17;0.68079
Mister Fantastic;House 531;Cobb;male;18;0.7502
Mister Fantastic;House 531;Cobb;male;19;0.82324
Mister Fantastic;House 531;Cobb;male;20;0.90002
Mister Fantastic;House 531;Cobb;male;21;0.98054
Mister Fantastic;House 531;Cobb;male;22;1.06381
Mister Fantastic;House 531;Cobb;male;23;1.15082
Mister Fantastic;House 531;Cobb;male;24;1.24069
Mister Fantastic;House 531;Cobb;male;25;1.3332
Mister Fantastic;House 531;Cobb;male;26;1.42868
Mister Fantastic;House 531;Cobb;male;27;1.52691
Mister Fantastic;House 531;Cobb;male;28;1.62701
Mister Fantastic;House 531;Cobb;male;29;1.72986
Mister Fantastic;House 531;Cobb;male;30;1.83458
Mister Fantastic;House 531;Cobb;male;31;1.94117
Mister Fantastic;House 531;Cobb;male;32;2.04952
Mister Fantastic;House 531;Cobb;male;33;2.15985
Mister Fantastic;House 531;Cobb;male;34;2.27194
Mister Fantastic;House 531;Cobb;male;35;2.3848
Mister Fantastic;House 531;Cobb;male;36;2.49953
Mister Fantastic;House 531;Cobb;male;37;2.61503
Mister Fantastic;House 531;Cobb;male;38;2.7313
Mister Fantastic;House 531;Cobb;male;39;2.84845
Mister Fantastic;House 531;Cobb;male;40;2.96736
Mister Fantastic;House 531;Cobb;male;41;3.08594
Mister Fantastic;House 531;Cobb;male;42;3.20419
Mister Fantastic;House 531;Cobb;male;43;3.31254
Mister Fantastic;House 531;Cobb;male;44;3.41869
Mister Fantastic;House 531;Cobb;male;45;3.52583
Mister Fantastic;House 531;Cobb;male;46;3.63198
Mister Fantastic;House 531;Cobb;male;47;3.73692
Mister Fantastic;House 531;Cobb;male;48;3.84076
Mister Fantastic;House 531;Cobb;male;49;3.94339
Mister Fantastic;House 531;Cobb;male;50;4.04602
Mister Fantastic;House 532;Cobb;male;0;0.04004
Mister Fantastic;House 532;Cobb;male;1;0.05467
Mister Fantastic;House 532;Cobb;male;2;0.07029
Mister Fantastic;House 532;Cobb;male;3;0.08811
Mister Fantastic;House 532;Cobb;male;4;0.10802
Mister Fantastic;House 532;Cobb;male;5;0.13112
Mister Fantastic;House 532;Cobb;male;6;0.1573
Mister Fantastic;House 532;Cobb;male;7;0.18678
Mister Fantastic;House 532;Cobb;male;8;0.21846
Mister Fantastic;House 532;Cobb;male;9;0.25542
Mister Fantastic;House 532;Cobb;male;10;0.2948
Mister Fantastic;House 532;Cobb;male;11;0.33869
Mister Fantastic;House 532;Cobb;male;12;0.38588
Mister Fantastic;House 532;Cobb;male;13;0.43659
Mister Fantastic;House 532;Cobb;male;14;0.49093
Mister Fantastic;House 532;Cobb;male;15;0.54978
Mister Fantastic;House 532;Cobb;male;16;0.61237
Mister Fantastic;House 532;Cobb;male;17;0.67958
Mister Fantastic;House 532;Cobb;male;18;0.74965
Mister Fantastic;House 532;Cobb;male;19;0.82335
Mister Fantastic;House 532;Cobb;male;20;0.9009
Mister Fantastic;House 532;Cobb;male;21;0.9823
Mister Fantastic;House 532;Cobb;male;22;1.06667
Mister Fantastic;House 532;Cobb;male;23;1.15489
Mister Fantastic;House 532;Cobb;male;24;1.24597
Mister Fantastic;House 532;Cobb;male;25;1.34013
Mister Fantastic;House 532;Cobb;male;26;1.43715
Mister Fantastic;House 532;Cobb;male;27;1.53725
Mister Fantastic;House 532;Cobb;male;28;1.63933
Mister Fantastic;House 532;Cobb;male;29;1.74438
Mister Fantastic;House 532;Cobb;male;30;1.85141
Mister Fantastic;House 532;Cobb;male;31;1.96053
Mister Fantastic;House 532;Cobb;male;32;2.07152
Mister Fantastic;House 532;Cobb;male;33;2.18471
Mister Fantastic;House 532;Cobb;male;34;2.29988
Mister Fantastic;House 532;Cobb;male;35;2.41593
Mister Fantastic;House 532;Cobb;male;36;2.53407
Mister Fantastic;House 532;Cobb;male;37;2.6532
Mister Fantastic;House 532;Cobb;male;38;2.77321
Mister Fantastic;House 532;Cobb;male;39;2.8941
Mister Fantastic;House 532;Cobb;male;40;3.01719
Mister Fantastic;House 532;Cobb;male;41;3.14006
Mister Fantastic;House 532;Cobb;male;42;3.26271
Mister Fantastic;House 532;Cobb;male;43;3.37304
Mister Fantastic;House 532;Cobb;male;44;3.48106
Mister Fantastic;House 532;Cobb;male;45;3.59029
Mister Fantastic;House 532;Cobb;male;46;3.69831
Mister Fantastic;House 532;Cobb;male;47;3.80512
Mister Fantastic;House 532;Cobb;male;48;3.91083
Mister Fantastic;House 532;Cobb;male;49;4.01533
Mister Fantastic;House 532;Cobb;male;50;4.11994
Mister Fantastic;House 533;Cobb;male;0;0.04015
Mister Fantastic;House 533;Cobb;male;1;0.05467
Mister Fantastic;House 533;Cobb;male;2;0.0704
Mister Fantastic;House 533;Cobb;male;3;0.08811
Mister Fantastic;House 533;Cobb;male;4;0.10802
Mister Fantastic;House 533;Cobb;male;5;0.1309
Mister Fantastic;House 533;Cobb;male;6;0.15697
Mister Fantastic;House 533;Cobb;male;7;0.18623
Mister Fantastic;House 533;Cobb;male;8;0.2178
Mister Fantastic;House 533;Cobb;male;9;0.25454
Mister Fantastic;House 533;Cobb;male;10;0.29359
Mister Fantastic;House 533;Cobb;male;11;0.33693
Mister Fantastic;House 533;Cobb;male;12;0.38368
Mister Fantastic;House 533;Cobb;male;13;0.43395
Mister Fantastic;House 533;Cobb;male;14;0.48752
Mister Fantastic;House 533;Cobb;male;15;0.54571
Mister Fantastic;House 533;Cobb;male;16;0.60742
Mister Fantastic;House 533;Cobb;male;17;0.67375
Mister Fantastic;House 533;Cobb;male;18;0.74272
Mister Fantastic;House 533;Cobb;male;19;0.81532
Mister Fantastic;House 533;Cobb;male;20;0.89166
Mister Fantastic;House 533;Cobb;male;21;0.97163
Mister Fantastic;House 533;Cobb;male;22;1.05446
Mister Fantastic;House 533;Cobb;male;23;1.14103
Mister Fantastic;House 533;Cobb;male;24;1.23046
Mister Fantastic;House 533;Cobb;male;25;1.32264
Mister Fantastic;House 533;Cobb;male;26;1.41768
Mister Fantastic;House 533;Cobb;male;27;1.51558
Mister Fantastic;House 533;Cobb;male;28;1.61524
Mister Fantastic;House 533;Cobb;male;29;1.71787
Mister Fantastic;House 533;Cobb;male;30;1.82237
Mister Fantastic;House 533;Cobb;male;31;1.92874
Mister Fantastic;House 533;Cobb;male;32;2.03687
Mister Fantastic;House 533;Cobb;male;33;2.14709
Mister Fantastic;House 533;Cobb;male;34;2.25907
Mister Fantastic;House 533;Cobb;male;35;2.37193
Mister Fantastic;House 533;Cobb;male;36;2.48666
Mister Fantastic;House 533;Cobb;male;37;2.60216
Mister Fantastic;House 533;Cobb;male;38;2.71854
Mister Fantastic;House 533;Cobb;male;39;2.8358
Mister Fantastic;House 533;Cobb;male;40;2.95493
Mister Fantastic;House 533;Cobb;male;41;3.07373
Mister Fantastic;House 533;Cobb;male;42;3.19231
Mister Fantastic;House 533;Cobb;male;43;3.30033
Mister Fantastic;House 533;Cobb;male;44;3.40593
Mister Fantastic;House 533;Cobb;male;45;3.51274
Mister Fantastic;House 533;Cobb;male;46;3.61845
Mister Fantastic;House 533;Cobb;male;47;3.72306
Mister Fantastic;House 533;Cobb;male;48;3.82646
Mister Fantastic;House 533;Cobb;male;49;3.92876
Mister Fantastic;House 533;Cobb;male;50;4.03106
Mister Fantastic;House 534;Cobb;male;0;0.04004
Mister Fantastic;House 534;Cobb;male;1;0.05467
Mister Fantastic;House 534;Cobb;male;2;0.0704
Mister Fantastic;House 534;Cobb;male;3;0.08822
Mister Fantastic;House 534;Cobb;male;4;0.10824
Mister Fantastic;House 534;Cobb;male;5;0.13134
Mister Fantastic;House 534;Cobb;male;6;0.15752
Mister Fantastic;House 534;Cobb;male;7;0.18711
Mister Fantastic;House 534;Cobb;male;8;0.2189
Mister Fantastic;House 534;Cobb;male;9;0.25597
Mister Fantastic;House 534;Cobb;male;10;0.29546
Mister Fantastic;House 534;Cobb;male;11;0.33946
Mister Fantastic;House 534;Cobb;male;12;0.38676
Mister Fantastic;House 534;Cobb;male;13;0.43769
Mister Fantastic;House 534;Cobb;male;14;0.49214
Mister Fantastic;House 534;Cobb;male;15;0.55132
Mister Fantastic;House 534;Cobb;male;16;0.61413
Mister Fantastic;House 534;Cobb;male;17;0.68156
Mister Fantastic;House 534;Cobb;male;18;0.75185
Mister Fantastic;House 534;Cobb;male;19;0.82588
Mister Fantastic;House 534;Cobb;male;20;0.90376
Mister Fantastic;House 534;Cobb;male;21;0.9856
Mister Fantastic;House 534;Cobb;male;22;1.0703
Mister Fantastic;House 534;Cobb;male;23;1.15885
Mister Fantastic;House 534;Cobb;male;24;1.25048
Mister Fantastic;House 534;Cobb;male;25;1.34497
Mister Fantastic;House 534;Cobb;male;26;1.44254
Mister Fantastic;House 534;Cobb;male;27;1.54319
Mister Fantastic;House 534;Cobb;male;28;1.64571
Mister Fantastic;House 534;Cobb;male;29;1.75142
Mister Fantastic;House 534;Cobb;male;30;1.859
Mister Fantastic;House 534;Cobb;male;31;1.96867
Mister Fantastic;House 534;Cobb;male;32;2.08043
Mister Fantastic;House 534;Cobb;male;33;2.19417
Mister Fantastic;House 534;Cobb;male;34;2.31011
Mister Fantastic;House 534;Cobb;male;35;2.42682
Mister Fantastic;House 534;Cobb;male;36;2.54573
Mister Fantastic;House 534;Cobb;male;37;2.66563
Mister Fantastic;House 534;Cobb;male;38;2.78641
Mister Fantastic;House 534;Cobb;male;39;2.90818
Mister Fantastic;House 534;Cobb;male;40;3.03215
Mister Fantastic;House 534;Cobb;male;41;3.15579
Mister Fantastic;House 534;Cobb;male;42;3.27932
Mister Fantastic;House 534;Cobb;male;43;3.3902
Mister Fantastic;House 534;Cobb;male;44;3.49877
Mister Fantastic;House 534;Cobb;male;45;3.60855
Mister Fantastic;House 534;Cobb;male;46;3.71712
Mister Fantastic;House 534;Cobb;male;47;3.82459
Mister Fantastic;House 534;Cobb;male;48;3.93074
Mister Fantastic;House 534;Cobb;male;49;4.03579
Mister Fantastic;House 534;Cobb;male;50;4.14095
Mister Fantastic;House 536;Cobb;male;0;0.0506
Mister Fantastic;House 536;Cobb;male;1;0.06875
Mister Fantastic;House 536;Cobb;male;2;0.08822
Mister Fantastic;House 536;Cobb;male;3;0.11022
Mister Fantastic;House 536;Cobb;male;4;0.13475
Mister Fantastic;House 536;Cobb;male;5;0.16291
Mister Fantastic;House 536;Cobb;male;6;0.19492
Mister Fantastic;House 536;Cobb;male;7;0.23078
Mister Fantastic;House 536;Cobb;male;8;0.26906
Mister Fantastic;House 536;Cobb;male;9;0.31372
Mister Fantastic;House 536;Cobb;male;10;0.36102
Mister Fantastic;House 536;Cobb;male;11;0.41349
Mister Fantastic;House 536;Cobb;male;12;0.46981
Mister Fantastic;House 536;Cobb;male;13;0.52998
Mister Fantastic;House 536;Cobb;male;14;0.59422
Mister Fantastic;House 536;Cobb;male;15;0.66352
Mister Fantastic;House 536;Cobb;male;16;0.73689
Mister Fantastic;House 536;Cobb;male;17;0.81554
Mister Fantastic;House 536;Cobb;male;18;0.89705
Mister Fantastic;House 536;Cobb;male;19;0.98252
Mister Fantastic;House 536;Cobb;male;20;1.07217
Mister Fantastic;House 536;Cobb;male;21;1.16578
Mister Fantastic;House 536;Cobb;male;22;1.26236
Mister Fantastic;House 536;Cobb;male;23;1.36312
Mister Fantastic;House 536;Cobb;male;24;1.46674
Mister Fantastic;House 536;Cobb;male;25;1.57322
Mister Fantastic;House 536;Cobb;male;26;1.68278
Mister Fantastic;House 536;Cobb;male;27;1.7952
Mister Fantastic;House 536;Cobb;male;28;1.90927
Mister Fantastic;House 536;Cobb;male;29;2.02631
Mister Fantastic;House 536;Cobb;male;30;2.14511
Mister Fantastic;House 536;Cobb;male;31;2.26567
Mister Fantastic;House 536;Cobb;male;32;2.38788
Mister Fantastic;House 536;Cobb;male;33;2.51185
Mister Fantastic;House 536;Cobb;male;34;2.63758
Mister Fantastic;House 536;Cobb;male;35;2.76375
Mister Fantastic;House 536;Cobb;male;36;2.89168
Mister Fantastic;House 536;Cobb;male;37;3.02005
Mister Fantastic;House 536;Cobb;male;38;3.14897
Mister Fantastic;House 536;Cobb;male;39;3.27822
Mister Fantastic;House 536;Cobb;male;40;3.40934
Mister Fantastic;House 536;Cobb;male;41;3.53958
Mister Fantastic;House 536;Cobb;male;42;3.66894
Mister Fantastic;House 536;Cobb;male;43;3.79302
Mister Fantastic;House 536;Cobb;male;44;3.91457
Mister Fantastic;House 536;Cobb;male;45;4.03733
Mister Fantastic;House 536;Cobb;male;46;4.15877
Mister Fantastic;House 536;Cobb;male;47;4.27889
Mister Fantastic;House 536;Cobb;male;48;4.3978
Mister Fantastic;House 536;Cobb;male;49;4.51539
Mister Fantastic;House 536;Cobb;male;50;4.63287
Best Farm;House 52;Cobb;female;0;0.04004
Best Farm;House 52;Cobb;female;1;0.05401
Best Farm;House 52;Cobb;female;2;0.06875
Best Farm;House 52;Cobb;female;3;0.08503
Best Farm;House 52;Cobb;female;4;0.10296
Best Farm;House 52;Cobb;female;5;0.12342
Best Farm;House 52;Cobb;female;6;0.1463
Best Farm;House 52;Cobb;female;7;0.1716
Best Farm;House 52;Cobb;female;8;0.20251
Best Farm;House 52;Cobb;female;9;0.23881
Best Farm;House 52;Cobb;female;10;0.27786
Best Farm;House 52;Cobb;female;11;0.32175
Best Farm;House 52;Cobb;female;12;0.36949
Best Farm;House 52;Cobb;female;13;0.42141
Best Farm;House 52;Cobb;female;14;0.4774
Best Farm;House 52;Cobb;female;15;0.53559
Best Farm;House 52;Cobb;female;16;0.59763
Best Farm;House 52;Cobb;female;17;0.6644
Best Farm;House 52;Cobb;female;18;0.73414
Best Farm;House 52;Cobb;female;19;0.80773
Best Farm;House 52;Cobb;female;20;0.88528
Best Farm;House 52;Cobb;female;21;0.9669
Best Farm;House 52;Cobb;female;22;1.04588
Best Farm;House 52;Cobb;female;23;1.12805
Best Farm;House 52;Cobb;female;24;1.21253
Best Farm;House 52;Cobb;female;25;1.29921
Best Farm;House 52;Cobb;female;26;1.38809
Best Farm;House 52;Cobb;female;27;1.47928
Best Farm;House 52;Cobb;female;28;1.57168
Best Farm;House 52;Cobb;female;29;1.66628
Best Farm;House 52;Cobb;female;30;1.76209
Best Farm;House 52;Cobb;female;31;1.85911
Best Farm;House 52;Cobb;female;32;1.95734
Best Farm;House 52;Cobb;female;33;2.05678
Best Farm;House 52;Cobb;female;34;2.15743
Best Farm;House 52;Cobb;female;35;2.2583
Best Farm;House 52;Cobb;female;36;2.36038
Best Farm;House 52;Cobb;female;37;2.46257
Best Farm;House 52;Cobb;female;38;2.56498
Best Farm;House 52;Cobb;female;39;2.66761
Best Farm;House 52;Cobb;female;40;2.77145
Best Farm;House 52;Cobb;female;41;2.8743
Best Farm;House 52;Cobb;female;42;2.97638
Best Farm;House 52;Cobb;female;43;3.07956
Best Farm;House 52;Cobb;female;44;3.18087
Best Farm;House 52;Cobb;female;45;3.2835
Best Farm;House 52;Cobb;female;46;3.38228
Best Farm;House 52;Cobb;female;47;3.47996
Best Farm;House 52;Cobb;female;48;3.57665
Best Farm;House 52;Cobb;female;49;3.67224
Best Farm;House 52;Cobb;female;50;3.76783
Mamasita;House 37;Cobb;female;0;0.0407
Mamasita;House 37;Cobb;female;1;0.05456
Mamasita;House 37;Cobb;female;2;0.06908
Mamasita;House 37;Cobb;female;3;0.08514
Mamasita;House 37;Cobb;female;4;0.10263
Mamasita;House 37;Cobb;female;5;0.12232
Mamasita;House 37;Cobb;female;6;0.14432
Mamasita;House 37;Cobb;female;7;0.1683
Mamasita;House 37;Cobb;female;8;0.20064
Mamasita;House 37;Cobb;female;9;0.23914
Mamasita;House 37;Cobb;female;10;0.28094
Mamasita;House 37;Cobb;female;11;0.32846
Mamasita;House 37;Cobb;female;12;0.38071
Mamasita;House 37;Cobb;female;13;0.43802
Mamasita;House 37;Cobb;female;14;0.5005
Mamasita;House 37;Cobb;female;15;0.55814
Mamasita;House 37;Cobb;female;16;0.61897
Mamasita;House 37;Cobb;female;17;0.68409
Mamasita;House 37;Cobb;female;18;0.7513
Mamasita;House 37;Cobb;female;19;0.82181
Mamasita;House 37;Cobb;female;20;0.89551
Mamasita;House 37;Cobb;female;21;0.9724
Mamasita;House 37;Cobb;female;22;1.0626
Mamasita;House 37;Cobb;female;23;1.15786
Mamasita;House 37;Cobb;female;24;1.25708
Mamasita;House 37;Cobb;female;25;1.36026
Mamasita;House 37;Cobb;female;26;1.46773
Mamasita;House 37;Cobb;female;27;1.57927
Mamasita;House 37;Cobb;female;28;1.694
Mamasita;House 37;Cobb;female;29;1.79212
Mamasita;House 37;Cobb;female;30;1.89112
Mamasita;House 37;Cobb;female;31;1.991
Mamasita;House 37;Cobb;female;32;2.09176
Mamasita;House 37;Cobb;female;33;2.1934
Mamasita;House 37;Cobb;female;34;2.29581
Mamasita;House 37;Cobb;female;35;2.398
Mamasita;House 37;Cobb;female;36;2.50184
Mamasita;House 37;Cobb;female;37;2.60557
Mamasita;House 37;Cobb;female;38;2.70908
Mamasita;House 37;Cobb;female;39;2.81237
Mamasita;House 37;Cobb;female;40;2.91654
Mamasita;House 37;Cobb;female;41;3.01939
Mamasita;House 37;Cobb;female;42;3.12092
Mamasita;House 37;Cobb;female;43;3.22344
Mamasita;House 37;Cobb;female;44;3.32354
Mamasita;House 37;Cobb;female;45;3.42452
Mamasita;House 37;Cobb;female;46;3.52748
Mamasita;House 37;Cobb;female;47;3.62945
Mamasita;House 37;Cobb;female;48;3.73021
Mamasita;House 37;Cobb;female;49;3.82998
Mamasita;House 37;Cobb;female;50;3.92964
Mamasita;House 44;Cobb;female;0;0.0517
Mamasita;House 44;Cobb;female;1;0.06919
Mamasita;House 44;Cobb;female;2;0.08745
Mamasita;House 44;Cobb;female;3;0.10758
Mamasita;House 44;Cobb;female;4;0.12947
Mamasita;House 44;Cobb;female;5;0.15411
Mamasita;House 44;Cobb;female;6;0.18139
Mamasita;House 44;Cobb;female;7;0.2112
Mamasita;House 44;Cobb;female;8;0.24222
Mamasita;House 44;Cobb;female;9;0.27775
Mamasita;House 44;Cobb;female;10;0.31416
Mamasita;House 44;Cobb;female;11;0.35365
Mamasita;House 44;Cobb;female;12;0.39479
Mamasita;House 44;Cobb;female;13;0.43758
Mamasita;House 44;Cobb;female;14;0.4818
Mamasita;House 44;Cobb;female;15;0.53834
Mamasita;House 44;Cobb;female;16;0.59829
Mamasita;House 44;Cobb;female;17;0.66253
Mamasita;House 44;Cobb;female;18;0.72908
Mamasita;House 44;Cobb;female;19;0.79915
Mamasita;House 44;Cobb;female;20;0.87252
Mamasita;House 44;Cobb;female;21;0.9493
Mamasita;House 44;Cobb;female;22;1.03125
Mamasita;House 44;Cobb;female;23;1.11716
Mamasita;House 44;Cobb;female;24;1.20582
Mamasita;House 44;Cobb;female;25;1.29756
Mamasita;House 44;Cobb;female;26;1.39227
Mamasita;House 44;Cobb;female;27;1.48984
Mamasita;House 44;Cobb;female;28;1.5895
Mamasita;House 44;Cobb;female;29;1.69015
Mamasita;House 44;Cobb;female;30;1.79256
Mamasita;House 44;Cobb;female;31;1.89684
Mamasita;House 44;Cobb;female;32;2.00288
Mamasita;House 44;Cobb;female;33;2.11079
Mamasita;House 44;Cobb;female;34;2.22046
Mamasita;House 44;Cobb;female;35;2.3309
Mamasita;House 44;Cobb;female;36;2.43771
Mamasita;House 44;Cobb;female;37;2.54485
Mamasita;House 44;Cobb;female;38;2.65232
Mamasita;House 44;Cobb;female;39;2.76001
Mamasita;House 44;Cobb;female;40;2.86913
Mamasita;House 44;Cobb;female;41;2.97748
Mamasita;House 44;Cobb;female;42;3.08506
Mamasita;House 44;Cobb;female;43;3.19396
Mamasita;House 44;Cobb;female;44;3.30099
Mamasita;House 44;Cobb;female;45;3.40945
Mamasita;House 44;Cobb;female;46;3.51208
Mamasita;House 44;Cobb;female;47;3.6135
Mamasita;House 44;Cobb;female;48;3.71393
Mamasita;House 44;Cobb;female;49;3.81315
Mamasita;House 44;Cobb;female;50;3.91248
Mamasita;House 47;Cobb;female;0;0.0407
Mamasita;House 47;Cobb;female;1;0.05478
Mamasita;House 47;Cobb;female;2;0.06952
Mamasita;House 47;Cobb;female;3;0.0858
Mamasita;House 47;Cobb;female;4;0.10373
Mamasita;House 47;Cobb;female;5;0.12397
Mamasita;House 47;Cobb;female;6;0.14663
Mamasita;House 47;Cobb;female;7;0.1716
Mamasita;House 47;Cobb;female;8;0.20141
Mamasita;House 47;Cobb;female;9;0.23628
Mamasita;House 47;Cobb;female;10;0.27357
Mamasita;House 47;Cobb;female;11;0.31515
Mamasita;House 47;Cobb;female;12;0.36014
Mamasita;House 47;Cobb;female;13;0.40876
Mamasita;House 47;Cobb;female;14;0.4609
Mamasita;House 47;Cobb;female;15;0.51744
Mamasita;House 47;Cobb;female;16;0.57761
Mamasita;House 47;Cobb;female;17;0.64262
Mamasita;House 47;Cobb;female;18;0.71038
Mamasita;House 47;Cobb;female;19;0.78199
Mamasita;House 47;Cobb;female;20;0.85756
Mamasita;House 47;Cobb;female;21;0.9372
Mamasita;House 47;Cobb;female;22;1.02113
Mamasita;House 47;Cobb;female;23;1.10935
Mamasita;House 47;Cobb;female;24;1.20087
Mamasita;House 47;Cobb;female;25;1.2958
Mamasita;House 47;Cobb;female;26;1.39425
Mamasita;House 47;Cobb;female;27;1.49611
Mamasita;House 47;Cobb;female;28;1.6005
Mamasita;House 47;Cobb;female;29;1.70027
Mamasita;House 47;Cobb;female;30;1.80169
Mamasita;House 47;Cobb;female;31;1.90465
Mamasita;House 47;Cobb;female;32;2.00926
Mamasita;House 47;Cobb;female;33;2.11552
Mamasita;House 47;Cobb;female;34;2.22354
Mamasita;House 47;Cobb;female;35;2.332
Mamasita;House 47;Cobb;female;36;2.42198
Mamasita;House 47;Cobb;female;37;2.51086
Mamasita;House 47;Cobb;female;38;2.59864
Mamasita;House 47;Cobb;female;39;2.68521
Mamasita;House 47;Cobb;female;40;2.77178
Mamasita;House 47;Cobb;female;41;2.85615
Mamasita;House 47;Cobb;female;42;2.93821
Mamasita;House 47;Cobb;female;43;3.02038
Mamasita;House 47;Cobb;female;44;3.09925
Mamasita;House 47;Cobb;female;45;3.17801
Mamasita;House 47;Cobb;female;46;3.25468
Mamasita;House 47;Cobb;female;47;3.34873
Mamasita;House 47;Cobb;female;48;3.44179
Mamasita;House 47;Cobb;female;49;3.53375
Mamasita;House 47;Cobb;female;50;3.62582
Mamasita;House 49;Cobb;female;0;0.0462
Mamasita;House 49;Cobb;female;1;0.06182
Mamasita;House 49;Cobb;female;2;0.07799
Mamasita;House 49;Cobb;female;3;0.09581
Mamasita;House 49;Cobb;female;4;0.11506
Mamasita;House 49;Cobb;female;5;0.13684
Mamasita;House 49;Cobb;female;6;0.16082
Mamasita;House 49;Cobb;female;7;0.187
Mamasita;House 49;Cobb;female;8;0.21923
Mamasita;House 49;Cobb;female;9;0.25707
Mamasita;House 49;Cobb;female;10;0.29733
Mamasita;House 49;Cobb;female;11;0.34221
Mamasita;House 49;Cobb;female;12;0.39083
Mamasita;House 49;Cobb;female;13;0.44319
Mamasita;House 49;Cobb;female;14;0.4994
Mamasita;House 49;Cobb;female;15;0.55715
Mamasita;House 49;Cobb;female;16;0.6182
Mamasita;House 49;Cobb;female;17;0.68354
Mamasita;House 49;Cobb;female;18;0.75108
Mamasita;House 49;Cobb;female;19;0.82192
Mamasita;House 49;Cobb;female;20;0.89606
Mamasita;House 49;Cobb;female;21;0.9735
Mamasita;House 49;Cobb;female;22;1.05699
Mamasita;House 49;Cobb;female;23;1.14422
Mamasita;House 49;Cobb;female;24;1.23453
Mamasita;House 49;Cobb;female;25;1.32759
Mamasita;House 49;Cobb;female;26;1.42362
Mamasita;House 49;Cobb;female;27;1.52262
Mamasita;House 49;Cobb;female;28;1.6236
Mamasita;House 49;Cobb;female;29;1.72458
Mamasita;House 49;Cobb;female;30;1.82721
Mamasita;House 49;Cobb;female;31;1.93149
Mamasita;House 49;Cobb;female;32;2.03742
Mamasita;House 49;Cobb;female;33;2.145
Mamasita;House 49;Cobb;female;34;2.25412
Mamasita;House 49;Cobb;female;35;2.3639
Mamasita;House 49;Cobb;female;36;2.46466
Mamasita;House 49;Cobb;female;37;2.56498
Mamasita;House 49;Cobb;female;38;2.66508
Mamasita;House 49;Cobb;female;39;2.76485
Mamasita;House 49;Cobb;female;40;2.86528
Mamasita;House 49;Cobb;female;41;2.96428
Mamasita;House 49;Cobb;female;42;3.06196
Mamasita;House 49;Cobb;female;43;3.1603
Mamasita;House 49;Cobb;female;44;3.25611
Mamasita;House 49;Cobb;female;45;3.35269
Mamasita;House 49;Cobb;female;46;3.44784
Mamasita;House 49;Cobb;female;47;3.5475
Mamasita;House 49;Cobb;female;48;3.64606
Mamasita;House 49;Cobb;female;49;3.74352
Mamasita;House 49;Cobb;female;50;3.84098
Iron Man;A12;Cobb;male;0;0.0473
Iron Man;A12;Cobb;male;1;0.06358
Iron Man;A12;Cobb;male;2;0.08052
Iron Man;A12;Cobb;male;3;0.09944
Iron Man;A12;Cobb;male;4;0.12001
Iron Man;A12;Cobb;male;5;0.14344
Iron Man;A12;Cobb;male;6;0.1694
Iron Man;A12;Cobb;male;7;0.198
Iron Man;A12;Cobb;male;8;0.23419
Iron Man;A12;Cobb;male;9;0.27676
Iron Man;A12;Cobb;male;10;0.32274
Iron Man;A12;Cobb;male;11;0.37433
Iron Man;A12;Cobb;male;12;0.43087
Iron Man;A12;Cobb;male;13;0.49225
Iron Man;A12;Cobb;male;14;0.5588
Iron Man;A12;Cobb;male;15;0.62216
Iron Man;A12;Cobb;male;16;0.68893
Iron Man;A12;Cobb;male;17;0.7601
Iron Man;A12;Cobb;male;18;0.83358
Iron Man;A12;Cobb;male;19;0.91025
Iron Man;A12;Cobb;male;20;0.99033
Iron Man;A12;Cobb;male;21;1.0736
Iron Man;A12;Cobb;male;22;1.1682
Iron Man;A12;Cobb;male;23;1.26742
Iron Man;A12;Cobb;male;24;1.37027
Iron Man;A12;Cobb;male;25;1.47675
Iron Man;A12;Cobb;male;26;1.58686
Iron Man;A12;Cobb;male;27;1.70071
Iron Man;A12;Cobb;male;28;1.8172
Iron Man;A12;Cobb;male;29;1.90564
Iron Man;A12;Cobb;male;30;1.99298
Iron Man;A12;Cobb;male;31;2.07933
Iron Man;A12;Cobb;male;32;2.16469
Iron Man;A12;Cobb;male;33;2.24895
Iron Man;A12;Cobb;male;34;2.33211
Iron Man;A12;Cobb;male;35;2.41285
Iron Man;A12;Cobb;male;36;2.4926
Iron Man;A12;Cobb;male;37;2.56993
Iron Man;A12;Cobb;male;38;2.64495
Iron Man;A12;Cobb;male;39;2.71766
Iron Man;A12;Cobb;male;40;2.78905
Iron Man;A12;Cobb;male;41;2.85714
Iron Man;A12;Cobb;male;42;2.95603
Iron Man;A12;Cobb;male;43;3.05602
Iron Man;A12;Cobb;male;44;3.15392
Iron Man;A12;Cobb;male;45;3.25281
Iron Man;A12;Cobb;male;46;3.35071
Iron Man;A12;Cobb;male;47;3.44751
Iron Man;A12;Cobb;male;48;3.54332
Iron Man;A12;Cobb;male;49;3.63803
Iron Man;A12;Cobb;male;50;3.73274
Iron Man;A82;Cobb;female;0;0.0429
Iron Man;A82;Cobb;female;1;0.0572
Iron Man;A82;Cobb;female;2;0.07194
Iron Man;A82;Cobb;female;3;0.08811
Iron Man;A82;Cobb;female;4;0.10549
Iron Man;A82;Cobb;female;5;0.12485
Iron Man;A82;Cobb;female;6;0.1463
Iron Man;A82;Cobb;female;7;0.1694
Iron Man;A82;Cobb;female;8;0.19756
Iron Man;A82;Cobb;female;9;0.23023
Iron Man;A82;Cobb;female;10;0.26488
Iron Man;A82;Cobb;female;11;0.30327
Iron Man;A82;Cobb;female;12;0.34452
Iron Man;A82;Cobb;female;13;0.38863
Iron Man;A82;Cobb;female;14;0.4356
Iron Man;A82;Cobb;female;15;0.4851
Iron Man;A82;Cobb;female;16;0.53724
Iron Man;A82;Cobb;female;17;0.5929
Iron Man;A82;Cobb;female;18;0.65032
Iron Man;A82;Cobb;female;19;0.71038
Iron Man;A82;Cobb;female;20;0.77297
Iron Man;A82;Cobb;female;21;0.8382
Iron Man;A82;Cobb;female;22;0.90805
Iron Man;A82;Cobb;female;23;0.98098
Iron Man;A82;Cobb;female;24;1.056
Iron Man;A82;Cobb;female;25;1.13322
Iron Man;A82;Cobb;female;26;1.21264
Iron Man;A82;Cobb;female;27;1.29426
Iron Man;A82;Cobb;female;28;1.3772
Iron Man;A82;Cobb;female;29;1.46465
Iron Man;A82;Cobb;female;30;1.55364
Iron Man;A82;Cobb;female;31;1.64428
Iron Man;A82;Cobb;female;32;1.73646
Iron Man;A82;Cobb;female;33;1.83029
Iron Man;A82;Cobb;female;34;1.92566
Iron Man;A82;Cobb;female;35;2.0218
Iron Man;A82;Cobb;female;36;2.0977
Iron Man;A82;Cobb;female;37;2.1725
Iron Man;A82;Cobb;female;38;2.24609
Iron Man;A82;Cobb;female;39;2.31847
Iron Man;A82;Cobb;female;40;2.39063
Iron Man;A82;Cobb;female;41;2.4607
Iron Man;A82;Cobb;female;42;2.52879
Iron Man;A82;Cobb;female;43;2.59655
Iron Man;A82;Cobb;female;44;2.67971
Iron Man;A82;Cobb;female;45;2.76375
Iron Man;A82;Cobb;female;46;2.84691
Iron Man;A82;Cobb;female;47;2.92919
Iron Man;A82;Cobb;female;48;3.01059
Iron Man;A82;Cobb;female;49;3.091
Iron Man;A82;Cobb;female;50;3.17152
Iron Man;B72;Cobb;female;0;0.0418
Iron Man;B72;Cobb;female;1;0.05654
Iron Man;B72;Cobb;female;2;0.07216
Iron Man;B72;Cobb;female;3;0.08965
Iron Man;B72;Cobb;female;4;0.10901
Iron Man;B72;Cobb;female;5;0.13112
Iron Man;B72;Cobb;female;6;0.15609
Iron Man;B72;Cobb;female;7;0.1837
Iron Man;B72;Cobb;female;8;0.21318
Iron Man;B72;Cobb;female;9;0.24728
Iron Man;B72;Cobb;female;10;0.28314
Iron Man;B72;Cobb;female;11;0.32252
Iron Man;B72;Cobb;female;12;0.36465
Iron Man;B72;Cobb;female;13;0.40931
Iron Man;B72;Cobb;female;14;0.4565
Iron Man;B72;Cobb;female;15;0.50875
Iron Man;B72;Cobb;female;16;0.56375
Iron Man;B72;Cobb;female;17;0.62249
Iron Man;B72;Cobb;female;18;0.68321
Iron Man;B72;Cobb;female;19;0.74668
Iron Man;B72;Cobb;female;20;0.81301
Iron Man;B72;Cobb;female;21;0.8822
Iron Man;B72;Cobb;female;22;0.96624
Iron Man;B72;Cobb;female;23;1.05523
Iron Man;B72;Cobb;female;24;1.14807
Iron Man;B72;Cobb;female;25;1.24498
Iron Man;B72;Cobb;female;26;1.34607
Iron Man;B72;Cobb;female;27;1.45134
Iron Man;B72;Cobb;female;28;1.5598
Iron Man;B72;Cobb;female;29;1.63845
Iron Man;B72;Cobb;female;30;1.71666
Iron Man;B72;Cobb;female;31;1.79421
Iron Man;B72;Cobb;female;32;1.87132
Iron Man;B72;Cobb;female;33;1.94777
Iron Man;B72;Cobb;female;34;2.02356
Iron Man;B72;Cobb;female;35;2.0977
Iron Man;B72;Cobb;female;36;2.17558
Iron Man;B72;Cobb;female;37;2.25214
Iron Man;B72;Cobb;female;38;2.32749
Iron Man;B72;Cobb;female;39;2.40152
Iron Man;B72;Cobb;female;40;2.47522
Iron Man;B72;Cobb;female;41;2.54672
Iron Man;B72;Cobb;female;42;2.61602
Iron Man;B72;Cobb;female;43;2.68488
Iron Man;B72;Cobb;female;44;2.7709
Iron Man;B72;Cobb;female;45;2.8578
Iron Man;B72;Cobb;female;46;2.94382
Iron Man;B72;Cobb;female;47;3.02885
Iron Man;B72;Cobb;female;48;3.113
Iron Man;B72;Cobb;female;49;3.19616
Iron Man;B72;Cobb;female;50;3.27943
Iron Man;A83;Cobb;female;0;0.0385
Iron Man;A83;Cobb;female;1;0.05192
Iron Man;A83;Cobb;female;2;0.06611
Iron Man;A83;Cobb;female;3;0.08195
Iron Man;A83;Cobb;female;4;0.09933
Iron Man;A83;Cobb;female;5;0.11924
Iron Man;A83;Cobb;female;6;0.14146
Iron Man;A83;Cobb;female;7;0.1661
Iron Man;A83;Cobb;female;8;0.19569
Iron Man;A83;Cobb;female;9;0.23045
Iron Man;A83;Cobb;female;10;0.26774
Iron Man;A83;Cobb;female;11;0.30954
Iron Man;A83;Cobb;female;12;0.35508
Iron Man;A83;Cobb;female;13;0.40436
Iron Man;A83;Cobb;female;14;0.4576
Iron Man;A83;Cobb;female;15;0.51205
Iron Man;A83;Cobb;female;16;0.56991
Iron Man;A83;Cobb;female;17;0.63206
Iron Man;A83;Cobb;female;18;0.69652
Iron Man;A83;Cobb;female;19;0.7645
Iron Man;A83;Cobb;female;20;0.83589
Iron Man;A83;Cobb;female;21;0.9108
Iron Man;A83;Cobb;female;22;0.9823
Iron Man;A83;Cobb;female;23;1.05655
Iron Man;A83;Cobb;female;24;1.13234
Iron Man;A83;Cobb;female;25;1.20978
Iron Man;A83;Cobb;female;26;1.28887
Iron Man;A83;Cobb;female;27;1.36961
Iron Man;A83;Cobb;female;28;1.4509
Iron Man;A83;Cobb;female;29;1.53439
Iron Man;A83;Cobb;female;30;1.61854
Iron Man;A83;Cobb;female;31;1.70335
Iron Man;A83;Cobb;female;32;1.78882
Iron Man;A83;Cobb;female;33;1.87495
Iron Man;A83;Cobb;female;34;1.96174
Iron Man;A83;Cobb;female;35;2.0482
Iron Man;A83;Cobb;female;36;2.13015
Iron Man;A83;Cobb;female;37;2.21122
Iron Man;A83;Cobb;female;38;2.29163
Iron Man;A83;Cobb;female;39;2.37138
Iron Man;A83;Cobb;female;40;2.45124
Iron Man;A83;Cobb;female;41;2.52934
Iron Man;A83;Cobb;female;42;2.60579
Iron Man;A83;Cobb;female;43;2.68246
Iron Man;A83;Cobb;female;44;2.7566
Iron Man;A83;Cobb;female;45;2.83085
Iron Man;A83;Cobb;female;46;2.91599
Iron Man;A83;Cobb;female;47;3.00025
Iron Man;A83;Cobb;female;48;3.08352
Iron Man;A83;Cobb;female;49;3.16602
Iron Man;A83;Cobb;female;50;3.24841
Kapibara;Kapibara-11;Cobb;mix;0;0.0528
Kapibara;Kapibara-11;Cobb;mix;1;0.07161
Kapibara;Kapibara-11;Cobb;mix;2;0.09163
Kapibara;Kapibara-11;Cobb;mix;3;0.11407
Kapibara;Kapibara-11;Cobb;mix;4;0.13904
Kapibara;Kapibara-11;Cobb;mix;5;0.16775
Kapibara;Kapibara-11;Cobb;mix;6;0.20009
Kapibara;Kapibara-11;Cobb;mix;7;0.23617
Kapibara;Kapibara-11;Cobb;mix;8;0.27467
Kapibara;Kapibara-11;Cobb;mix;9;0.31933
Kapibara;Kapibara-11;Cobb;mix;10;0.36641
Kapibara;Kapibara-11;Cobb;mix;11;0.41844
Kapibara;Kapibara-11;Cobb;mix;12;0.4741
Kapibara;Kapibara-11;Cobb;mix;13;0.53339
Kapibara;Kapibara-11;Cobb;mix;14;0.5962
Kapibara;Kapibara-11;Cobb;mix;15;0.66396
Kapibara;Kapibara-11;Cobb;mix;16;0.73535
Kapibara;Kapibara-11;Cobb;mix;17;0.81147
Kapibara;Kapibara-11;Cobb;mix;18;0.887271508
Kapibara;Kapibara-11;Cobb;mix;19;0.966197354
Kapibara;Kapibara-11;Cobb;mix;20;1.047996062
Kapibara;Kapibara-11;Cobb;mix;21;1.132853446
Kapibara;Kapibara-11;Cobb;mix;22;1.219436308
Kapibara;Kapibara-11;Cobb;mix;23;1.309018954
Kapibara;Kapibara-11;Cobb;mix;24;1.400168677
Kapibara;Kapibara-11;Cobb;mix;25;1.492972462
Kapibara;Kapibara-11;Cobb;mix;26;1.587302031
Kapibara;Kapibara-11;Cobb;mix;27;1.683350308
Kapibara;Kapibara-11;Cobb;mix;28;1.779713354
Kapibara;Kapibara-11;Cobb;mix;29;1.877547354
Kapibara;Kapibara-11;Cobb;mix;30;1.975776
Kapibara;Kapibara-11;Cobb;mix;31;2.074283877
Kapibara;Kapibara-11;Cobb;mix;32;2.173166769
Kapibara;Kapibara-11;Cobb;mix;33;2.272205354
Kapibara;Kapibara-11;Cobb;mix;34;2.371704246
Kapibara;Kapibara-11;Cobb;mix;35;2.470197569
Kapibara;Kapibara-11;Cobb;mix;36;2.571209723
Kapibara;Kapibara-11;Cobb;mix;37;2.671612308
Kapibara;Kapibara-11;Cobb;mix;38;2.771198523
Kapibara;Kapibara-11;Cobb;mix;39;2.870071938
Kapibara;Kapibara-11;Cobb;mix;40;2.969459138
Kapibara;Kapibara-11;Cobb;mix;41;3.066902892
Kapibara;Kapibara-11;Cobb;mix;42;3.162618462
Kapibara;Kapibara-11;Cobb;mix;43;3.25864
Kapibara;Kapibara-11;Cobb;mix;44;3.3629772
Kapibara;Kapibara-11;Cobb;mix;45;3.4684276
Kapibara;Kapibara-11;Cobb;mix;46;3.572866
Kapibara;Kapibara-11;Cobb;mix;47;3.67609
Kapibara;Kapibara-11;Cobb;mix;48;3.7782008
Kapibara;Kapibara-11;Cobb;mix;49;3.8791984
Kapibara;Kapibara-11;Cobb;mix;50;3.980196
Kapibara;Kapibara-21;Cobb;mix;0;0.0539
Kapibara;Kapibara-21;Cobb;mix;1;0.07293
Kapibara;Kapibara-21;Cobb;mix;2;0.09317
Kapibara;Kapibara-21;Cobb;mix;3;0.11583
Kapibara;Kapibara-21;Cobb;mix;4;0.14091
Kapibara;Kapibara-21;Cobb;mix;5;0.16962
Kapibara;Kapibara-21;Cobb;mix;6;0.20207
Kapibara;Kapibara-21;Cobb;mix;7;0.23804
Kapibara;Kapibara-21;Cobb;mix;8;0.27632
Kapibara;Kapibara-21;Cobb;mix;9;0.32065
Kapibara;Kapibara-21;Cobb;mix;10;0.36718
Kapibara;Kapibara-21;Cobb;mix;11;0.41855
Kapibara;Kapibara-21;Cobb;mix;12;0.47322
Kapibara;Kapibara-21;Cobb;mix;13;0.53141
Kapibara;Kapibara-21;Cobb;mix;14;0.5929
Kapibara;Kapibara-21;Cobb;mix;15;0.65901
Kapibara;Kapibara-21;Cobb;mix;16;0.72842
Kapibara;Kapibara-21;Cobb;mix;17;0.80234
Kapibara;Kapibara-21;Cobb;mix;18;0.875537723
Kapibara;Kapibara-21;Cobb;mix;19;0.951548062
Kapibara;Kapibara-21;Cobb;mix;20;1.030122585
Kapibara;Kapibara-21;Cobb;mix;21;1.111341508
Kapibara;Kapibara-21;Cobb;mix;22;1.193984
Kapibara;Kapibara-21;Cobb;mix;23;1.279111477
Kapibara;Kapibara-21;Cobb;mix;24;1.365403938
Kapibara;Kapibara-21;Cobb;mix;25;1.453059723
Kapibara;Kapibara-21;Cobb;mix;26;1.541846646
Kapibara;Kapibara-21;Cobb;mix;27;1.631748462
Kapibara;Kapibara-21;Cobb;mix;28;1.721686154
Kapibara;Kapibara-21;Cobb;mix;29;1.812713015
Kapibara;Kapibara-21;Cobb;mix;30;1.9036512
Kapibara;Kapibara-21;Cobb;mix;31;1.994495631
Kapibara;Kapibara-21;Cobb;mix;32;2.085241231
Kapibara;Kapibara-21;Cobb;mix;33;2.175882923
Kapibara;Kapibara-21;Cobb;mix;34;2.266415631
Kapibara;Kapibara-21;Cobb;mix;35;2.355691292
Kapibara;Kapibara-21;Cobb;mix;36;2.452105108
Kapibara;Kapibara-21;Cobb;mix;37;2.547735385
Kapibara;Kapibara-21;Cobb;mix;38;2.642788923
Kapibara;Kapibara-21;Cobb;mix;39;2.7370596
Kapibara;Kapibara-21;Cobb;mix;40;2.831775015
Kapibara;Kapibara-21;Cobb;mix;41;2.924784585
Kapibara;Kapibara-21;Cobb;mix;42;3.015996923
Kapibara;Kapibara-21;Cobb;mix;43;3.1075484
Kapibara;Kapibara-21;Cobb;mix;44;3.2071292
Kapibara;Kapibara-21;Cobb;mix;45;3.307722
Kapibara;Kapibara-21;Cobb;mix;46;3.4072016
Kapibara;Kapibara-21;Cobb;mix;47;3.5056692
Kapibara;Kapibara-21;Cobb;mix;48;3.6030236
Kapibara;Kapibara-21;Cobb;mix;49;3.699366
Kapibara;Kapibara-21;Cobb;mix;50;3.7957084
Kapibara;Kapibara-12;Cobb;mix;0;0.055
Kapibara;Kapibara-12;Cobb;mix;1;0.07194
Kapibara;Kapibara-12;Cobb;mix;2;0.08866
Kapibara;Kapibara-12;Cobb;mix;3;0.10626
Kapibara;Kapibara-12;Cobb;mix;4;0.1243
Kapibara;Kapibara-12;Cobb;mix;5;0.14377
Kapibara;Kapibara-12;Cobb;mix;6;0.16401
Kapibara;Kapibara-12;Cobb;mix;7;0.1848
Kapibara;Kapibara-12;Cobb;mix;8;0.22143
Kapibara;Kapibara-12;Cobb;mix;9;0.26499
Kapibara;Kapibara-12;Cobb;mix;10;0.31273
Kapibara;Kapibara-12;Cobb;mix;11;0.36696
Kapibara;Kapibara-12;Cobb;mix;12;0.42702
Kapibara;Kapibara-12;Cobb;mix;13;0.49302
Kapibara;Kapibara-12;Cobb;mix;14;0.5654
Kapibara;Kapibara-12;Cobb;mix;15;0.62546
Kapibara;Kapibara-12;Cobb;mix;16;0.68816
Kapibara;Kapibara-12;Cobb;mix;17;0.75427
Kapibara;Kapibara-12;Cobb;mix;18;0.819171692
Kapibara;Kapibara-12;Cobb;mix;19;0.885954215
Kapibara;Kapibara-12;Cobb;mix;20;0.954378277
Kapibara;Kapibara-12;Cobb;mix;21;1.024533231
Kapibara;Kapibara-12;Cobb;mix;22;1.108204308
Kapibara;Kapibara-12;Cobb;mix;23;1.195219385
Kapibara;Kapibara-12;Cobb;mix;24;1.284680862
Kapibara;Kapibara-12;Cobb;mix;25;1.376345723
Kapibara;Kapibara-12;Cobb;mix;26;1.470401477
Kapibara;Kapibara-12;Cobb;mix;27;1.566713077
Kapibara;Kapibara-12;Cobb;mix;28;1.664296615
Kapibara;Kapibara-12;Cobb;mix;29;1.762498185
Kapibara;Kapibara-12;Cobb;mix;30;1.861728
Kapibara;Kapibara-12;Cobb;mix;31;1.961969815
Kapibara;Kapibara-12;Cobb;mix;32;2.063207385
Kapibara;Kapibara-12;Cobb;mix;33;2.165529046
Kapibara;Kapibara-12;Cobb;mix;34;2.268813292
Kapibara;Kapibara-12;Cobb;mix;35;2.371900892
Kapibara;Kapibara-12;Cobb;mix;36;2.468883323
Kapibara;Kapibara-12;Cobb;mix;37;2.565284615
Kapibara;Kapibara-12;Cobb;mix;38;2.660897969
Kapibara;Kapibara-12;Cobb;mix;39;2.755929508
Kapibara;Kapibara-12;Cobb;mix;40;2.851298154
Kapibara;Kapibara-12;Cobb;mix;41;2.944854338
Kapibara;Kapibara-12;Cobb;mix;42;3.036710769
Kapibara;Kapibara-12;Cobb;mix;43;3.1290028
Kapibara;Kapibara-12;Cobb;mix;44;3.2291908
Kapibara;Kapibara-12;Cobb;mix;45;3.330492
Kapibara;Kapibara-12;Cobb;mix;46;3.43068
Kapibara;Kapibara-12;Cobb;mix;47;3.5297548
Kapibara;Kapibara-12;Cobb;mix;48;3.6278176
Kapibara;Kapibara-12;Cobb;mix;49;3.7247672
Kapibara;Kapibara-12;Cobb;mix;50;3.821818
Kapibara;Kapibara-22;Cobb;mix;0;0.055
Kapibara;Kapibara-22;Cobb;mix;1;0.07216
Kapibara;Kapibara-22;Cobb;mix;2;0.08921
Kapibara;Kapibara-22;Cobb;mix;3;0.10714
Kapibara;Kapibara-22;Cobb;mix;4;0.12584
Kapibara;Kapibara-22;Cobb;mix;5;0.14597
Kapibara;Kapibara-22;Cobb;mix;6;0.1672
Kapibara;Kapibara-22;Cobb;mix;7;0.1892
Kapibara;Kapibara-22;Cobb;mix;8;0.22473
Kapibara;Kapibara-22;Cobb;mix;9;0.26686
Kapibara;Kapibara-22;Cobb;mix;10;0.31251
Kapibara;Kapibara-22;Cobb;mix;11;0.3641
Kapibara;Kapibara-22;Cobb;mix;12;0.42075
Kapibara;Kapibara-22;Cobb;mix;13;0.48268
Kapibara;Kapibara-22;Cobb;mix;14;0.55
Kapibara;Kapibara-22;Cobb;mix;15;0.61105
Kapibara;Kapibara-22;Cobb;mix;16;0.67507
Kapibara;Kapibara-22;Cobb;mix;17;0.74327
Kapibara;Kapibara-22;Cobb;mix;18;0.810837415
Kapibara;Kapibara-22;Cobb;mix;19;0.880706708
Kapibara;Kapibara-22;Cobb;mix;20;0.953070462
Kapibara;Kapibara-22;Cobb;mix;21;1.027792615
Kapibara;Kapibara-22;Cobb;mix;22;1.111453538
Kapibara;Kapibara-22;Cobb;mix;23;1.198566431
Kapibara;Kapibara-22;Cobb;mix;24;1.288017415
Kapibara;Kapibara-22;Cobb;mix;25;1.379779077
Kapibara;Kapibara-22;Cobb;mix;26;1.473717046
Kapibara;Kapibara-22;Cobb;mix;27;1.570018154
Kapibara;Kapibara-22;Cobb;mix;28;1.667484923
Kapibara;Kapibara-22;Cobb;mix;29;1.774257354
Kapibara;Kapibara-22;Cobb;mix;30;1.8829536
Kapibara;Kapibara-22;Cobb;mix;31;1.993653538
Kapibara;Kapibara-22;Cobb;mix;32;2.106120923
Kapibara;Kapibara-22;Cobb;mix;33;2.220645138
Kapibara;Kapibara-22;Cobb;mix;34;2.336990277
Kapibara;Kapibara-22;Cobb;mix;35;2.436219754
Kapibara;Kapibara-22;Cobb;mix;36;2.535892615
Kapibara;Kapibara-22;Cobb;mix;37;2.634862154
Kapibara;Kapibara-22;Cobb;mix;38;2.733128369
Kapibara;Kapibara-22;Cobb;mix;39;2.830588708
Kapibara;Kapibara-22;Cobb;mix;40;2.928572985
Kapibara;Kapibara-22;Cobb;mix;41;3.024725846
Kapibara;Kapibara-22;Cobb;mix;42;3.119058462
Kapibara;Kapibara-22;Cobb;mix;43;3.2138084
Kapibara;Kapibara-22;Cobb;mix;44;3.3167288
Kapibara;Kapibara-22;Cobb;mix;45;3.4207624
Kapibara;Kapibara-22;Cobb;mix;46;3.5236828
Kapibara;Kapibara-22;Cobb;mix;47;3.62549
Kapibara;Kapibara-22;Cobb;mix;48;3.726184
Kapibara;Kapibara-22;Cobb;mix;49;3.8257648
Kapibara;Kapibara-22;Cobb;mix;50;3.9254468
